{"cameraMode":{"drawMode":0,"name":"Shaded","section":"Shading Mode"},"sceneLighting":true,"audioPlay":false,"sceneViewState":{"showFog":true,"showMaterialUpdate":true,"showSkybox":true,"showFlares":true,"showImageEffects":true,"showParticleSystems":true},"in2DMode":false,"pivot":{"x":1.0880964994430543,"y":-1.5313255786895753,"z":-7.526395797729492},"rotation":{"x":-0.33889466524124148,"y":0.11168194562196732,"z":-0.0405527725815773,"w":-0.933291494846344},"size":6.850368976593018,"orthographic":false}