{"cameraMode":{"drawMode":0,"name":"Shaded","section":"Shading Mode"},"sceneLighting":false,"audioPlay":false,"sceneViewState":{"showFog":true,"showMaterialUpdate":true,"showSkybox":true,"showFlares":true,"showImageEffects":true,"showParticleSystems":true},"in2DMode":false,"pivot":{"x":1195.8245849609375,"y":23.5,"z":503.44366455078127},"rotation":{"x":0.024706879630684854,"y":0.9724814891815186,"z":-0.19693942368030549,"w":0.12200094759464264},"size":56.98355484008789,"orthographic":false}